{
    "name": "root",
    "gauges": {
        "VikramRover.Policy.Entropy.mean": {
            "value": 1.4808783531188965,
            "min": 1.4808783531188965,
            "max": 1.4808783531188965,
            "count": 1
        },
        "VikramRover.Policy.Entropy.sum": {
            "value": 14851.728515625,
            "min": 14851.728515625,
            "max": 14851.728515625,
            "count": 1
        },
        "VikramRover.Environment.EpisodeLength.mean": {
            "value": 0.761049480542349,
            "min": 0.761049480542349,
            "max": 0.761049480542349,
            "count": 1
        },
        "VikramRover.Environment.EpisodeLength.sum": {
            "value": 4322.0,
            "min": 4322.0,
            "max": 4322.0,
            "count": 1
        },
        "VikramRover.Step.mean": {
            "value": 9999.0,
            "min": 9999.0,
            "max": 9999.0,
            "count": 1
        },
        "VikramRover.Step.sum": {
            "value": 9999.0,
            "min": 9999.0,
            "max": 9999.0,
            "count": 1
        },
        "VikramRover.Policy.ExtrinsicValueEstimate.mean": {
            "value": -8.767337799072266,
            "min": -8.767337799072266,
            "max": -8.767337799072266,
            "count": 1
        },
        "VikramRover.Policy.ExtrinsicValueEstimate.sum": {
            "value": -49894.921875,
            "min": -49894.921875,
            "max": -49894.921875,
            "count": 1
        },
        "VikramRover.Environment.CumulativeReward.mean": {
            "value": -10.03751981680465,
            "min": -10.03751981680465,
            "max": -10.03751981680465,
            "count": 1
        },
        "VikramRover.Environment.CumulativeReward.sum": {
            "value": -56983.0,
            "min": -56983.0,
            "max": -56983.0,
            "count": 1
        },
        "VikramRover.Policy.ExtrinsicReward.mean": {
            "value": -10.03751981680465,
            "min": -10.03751981680465,
            "max": -10.03751981680465,
            "count": 1
        },
        "VikramRover.Policy.ExtrinsicReward.sum": {
            "value": -56983.0,
            "min": -56983.0,
            "max": -56983.0,
            "count": 1
        },
        "VikramRover.Losses.PolicyLoss.mean": {
            "value": 0.249664868402038,
            "min": 0.249664868402038,
            "max": 0.249664868402038,
            "count": 1
        },
        "VikramRover.Losses.PolicyLoss.sum": {
            "value": 22.46983815618342,
            "min": 22.46983815618342,
            "max": 22.46983815618342,
            "count": 1
        },
        "VikramRover.Losses.ValueLoss.mean": {
            "value": 25.557081518564807,
            "min": 25.557081518564807,
            "max": 25.557081518564807,
            "count": 1
        },
        "VikramRover.Losses.ValueLoss.sum": {
            "value": 2300.1373366708326,
            "min": 2300.1373366708326,
            "max": 2300.1373366708326,
            "count": 1
        },
        "VikramRover.Policy.LearningRate.mean": {
            "value": 0.0002969921076692978,
            "min": 0.0002969921076692978,
            "max": 0.0002969921076692978,
            "count": 1
        },
        "VikramRover.Policy.LearningRate.sum": {
            "value": 0.0267292896902368,
            "min": 0.0267292896902368,
            "max": 0.0267292896902368,
            "count": 1
        },
        "VikramRover.Policy.Epsilon.mean": {
            "value": 0.1989973688888889,
            "min": 0.1989973688888889,
            "max": 0.1989973688888889,
            "count": 1
        },
        "VikramRover.Policy.Epsilon.sum": {
            "value": 17.9097632,
            "min": 17.9097632,
            "max": 17.9097632,
            "count": 1
        },
        "VikramRover.Policy.Beta.mean": {
            "value": 0.0005000000000000001,
            "min": 0.0005000000000000001,
            "max": 0.0005000000000000001,
            "count": 1
        },
        "VikramRover.Policy.Beta.sum": {
            "value": 0.04500000000000001,
            "min": 0.04500000000000001,
            "max": 0.04500000000000001,
            "count": 1
        },
        "VikramRover.IsTraining.mean": {
            "value": 1.0,
            "min": 1.0,
            "max": 1.0,
            "count": 1
        },
        "VikramRover.IsTraining.sum": {
            "value": 1.0,
            "min": 1.0,
            "max": 1.0,
            "count": 1
        }
    },
    "metadata": {
        "timer_format_version": "0.1.0",
        "start_time_seconds": "1698611064",
        "python_version": "3.10.8 | packaged by conda-forge | (main, Nov 24 2022, 14:07:00) [MSC v.1916 64 bit (AMD64)]",
        "command_line_arguments": "\\\\?\\D:\\ProgramData\\anaconda3\\envs\\unity\\Scripts\\mlagents-learn config\\VikramRoverConfig.yaml --force --run-id=VikramRover1",
        "mlagents_version": "0.30.0",
        "mlagents_envs_version": "0.30.0",
        "communication_protocol_version": "1.5.0",
        "pytorch_version": "2.0.0+cu118",
        "numpy_version": "1.23.5",
        "end_time_seconds": "1698611526"
    },
    "total": 462.6229298000035,
    "count": 1,
    "self": 0.009286100008466747,
    "children": {
        "run_training.setup": {
            "total": 0.12659870000061346,
            "count": 1,
            "self": 0.12659870000061346
        },
        "TrainerController.start_learning": {
            "total": 462.4870449999944,
            "count": 1,
            "self": 0.3446338004869176,
            "children": {
                "TrainerController._reset_env": {
                    "total": 7.988740500004496,
                    "count": 1,
                    "self": 7.988740500004496
                },
                "TrainerController.advance": {
                    "total": 454.00783409950236,
                    "count": 12252,
                    "self": 0.3162965007140883,
                    "children": {
                        "env_step": {
                            "total": 390.7462740991541,
                            "count": 12252,
                            "self": 379.2444253976573,
                            "children": {
                                "SubprocessEnvManager._take_step": {
                                    "total": 11.290844100782124,
                                    "count": 12252,
                                    "self": 0.46792970054229954,
                                    "children": {
                                        "TorchPolicy.evaluate": {
                                            "total": 10.822914400239824,
                                            "count": 6249,
                                            "self": 10.822914400239824
                                        }
                                    }
                                },
                                "workers": {
                                    "total": 0.21100460071465932,
                                    "count": 12251,
                                    "self": 0.0,
                                    "children": {
                                        "worker_root": {
                                            "total": 362.88957759992627,
                                            "count": 12251,
                                            "is_parallel": true,
                                            "self": 88.56727009956376,
                                            "children": {
                                                "steps_from_proto": {
                                                    "total": 0.0008019000015337951,
                                                    "count": 1,
                                                    "is_parallel": true,
                                                    "self": 0.00046129999827826396,